Modelo,Dobra,Acurácia,Acurácia bal.,Precisão,Revocação,F1,ROC-AUC,PR-AUC,Brier
Regressão Logística,1,0.7923335054207538,0.7809910471024997,0.5238411475627573,0.7605090628615503,0.6203696421549351,0.8680688318144599,0.6919665807203603,0.14494031728223122
Regressão Logística,2,0.7971089313371192,0.7886690428924719,0.5311175847457628,0.7734284612418049,0.6297691945360339,0.8734173366984739,0.7054579944422329,0.14222001600551973
Regressão Logística,3,0.7924195491309586,0.7889497833116644,0.5232693051437411,0.782684149633629,0.6272116201807927,0.8732992465423044,0.6999484402362655,0.14473904963475934
Regressão Logística,4,0.7956892101187403,0.7902450510726059,0.5285975450509272,0.7804125698862541,0.630284157259634,0.8756916957877076,0.7073670807942312,0.14261601839863777
Regressão Logística,5,0.7981327711569075,0.7889845587101616,0.532854482575153,0.7724643270343232,0.6306675062972292,0.8743280080148988,0.7060677262486595,0.14106892058939421
KNN,1,0.8522199277232835,0.7113605890980671,0.7929073268651723,0.45699961434631703,0.5798165137614679,0.8821988812070904,0.7247330671022575,0.10689082492169708
KNN,2,0.8532524522457409,0.7138119609193447,0.7941663904540934,0.46201311222522173,0.5841765207850786,0.8850775837056214,0.7297377074147957,0.10593153049853124
KNN,3,0.8516606436069524,0.7093512411500723,0.7941773865944483,0.4523717701504049,0.5764127764127764,0.8828476349314847,0.7269080040104914,0.10663064904340315
KNN,4,0.8523059714334882,0.7110551340970802,0.7946908602150538,0.4559475612107191,0.5794438319245375,0.8855759110566256,0.7313701615014796,0.10579549605217718
KNN,5,0.8526438067375124,0.7092312243606349,0.8026813337916809,0.4502506748939452,0.576899320568252,0.8851104744988345,0.7286209880636679,0.10634197584093383
Random Forest,1,0.8569093099294441,0.7301853602205722,0.7784431137724551,0.5013497878904744,0.6098991320666197,0.8942451449558536,0.7398671851040443,0.10195838926174496
Random Forest,2,0.859963861641714,0.7340755440422785,0.7903759398496241,0.5067489394523718,0.6175537539654564,0.8993497865663781,0.747984119348593,0.10002736046578327
Random Forest,3,0.8591464463947686,0.7344428846212083,0.7836795252225519,0.5092556883918241,0.6173445535296868,0.8974904992897506,0.7493465977901138,0.10036455094743686
Random Forest,4,0.8596627086559973,0.7326228013962469,0.7921092564491654,0.503181029496819,0.6154208912992218,0.8992079726027488,0.7544912454024479,0.09948597583127784
Random Forest,5,0.8594845760013767,0.7300588245206544,0.7973977695167286,0.4963362900115696,0.6118374138340861,0.899978505739239,0.7503378279544195,0.0999078570848093
LightGBM,1,0.8427981414558596,0.8148442241452181,0.6197623514696685,0.7643655996914771,0.6845104472457261,0.905194501823131,0.7691468212672893,0.11029954060652186
LightGBM,2,0.8461968680089486,0.8168941705897999,0.6275938539521622,0.7639799460084844,0.6891034002956778,0.9081222385921321,0.7765540975871134,0.10764238716229427
LightGBM,3,0.843615556702805,0.8182567509576313,0.6200278594644791,0.7724643270343232,0.6879024641538594,0.9065149033215466,0.7738785854992625,0.10960094697624193
LightGBM,4,0.84658406470487,0.8199107171484118,0.626938136256852,0.7717370348949296,0.6918423781541653,0.9099680265112536,0.781743788562374,0.10678305747103022
LightGBM,5,0.8525577593253882,0.8209199759317246,0.6427064741197469,0.763787119166988,0.6980350691690898,0.9095828351412625,0.7764027927387667,0.10529054151146615
