,media,dp
Humidity3pm,0.04289007270987877,0.0016660361823760846
WindGustSpeed,0.03123876814349582,0.001227319212572723
Location,0.011207674177161332,0.0009769508953807642
Pressure3pm,0.011053629699562851,0.0007351072621687939
Sunshine,0.010717777325874644,0.0008373248742681598
dPressure_24h,0.008058562398504488,0.0009003094160282113
dPressure_9a15,0.007421898343216315,0.0009124665085897542
doy_cos,0.006152731204161333,0.0005756804425449678
Humidity9am,0.003793566589134012,0.0009348018976768553
TempRange,0.0036959696741314164,0.0007284420543681767
dHumidity_24h,0.00367916643168984,0.0005339287804591856
Cloud3pm,0.003576452407029129,0.0006132439954703409
log_Rainfall,0.0033836666286277905,0.0005896832988584531
WindDir3pm_cos,0.003106793812971853,0.00032553916754676185
Pressure9am,0.0022150710565565835,0.0002189434608328463
MinTemp,0.00216832652542327,0.000381880600739758
MaxTemp,0.0021175272603393804,0.00038011864345191543
WindDir9am_cos,0.0020649396628144245,0.00034847844302914743
WindSpeed3pm,0.0020269066124831703,0.00026528044375281613
dHumidity_9a15,0.001926724583258821,0.0002693249037035233
Temp9am,0.0018355904538105872,0.00024300385129105413
Temp3pm,0.0016216633988285212,0.00031098338650044425
WindDir9am_sin,0.0015661719743695012,0.00036291003833734283
WindGustDir_cos,0.0014160228743655301,5.4082112220692694e-05
WindDir3pm_sin,0.0011534390119764648,0.00020637063692294775
dTemp_9a15,0.0011514382043938732,0.0003723492477002709
WindGustDir_sin,0.0010807548073165085,0.00020349054614622432
dTemp_24h,0.0008658893204593676,0.0005926366459890177
doy_sin,0.0007608203629801746,0.00034224442259386
Cloud9am,0.0007135623502548371,0.000403752991740694
WindSpeed9am,0.0006524049220221651,0.0001100947309248298
RainToday,0.00026417742595050695,8.331339009923406e-05
miss_Cloud3pm,0.00025389008784877377,7.923413468551984e-05
miss_Sunshine,0.000181117351879867,9.060213707535225e-05
dCloud_9a15,0.0001781249936368301,0.0002269053407337902
miss_Pressure3pm,0.00015002515617152935,5.101071078120358e-05
miss_Evaporation,9.101018561568086e-05,0.00010152349616784544
miss_WindGustSpeed,5.738599447093762e-05,6.689064821587124e-05
log_Evaporation,5.595178726571781e-05,9.958016429526868e-05
RainYesterday,2.8117543727157467e-05,4.5426573234596965e-05
miss_Cloud9am,-4.975459563771878e-06,7.048460959335557e-05
