,coef,odds_ratio
WindGustSpeed,0.6314968343303756,1.8804231556938062
Humidity3pm,0.5015318516718761,1.651248802542795
Humidity9am,0.44611053045540744,1.5622241303358384
log_Rainfall,0.3410721611015783,1.4064547285229245
Sunshine,-0.32664372704674755,0.7213406914304429
dHumidity_24h,0.29827449091143454,1.3475316223023306
miss_Cloud9am,0.2629103528788094,1.3007101088081623
dHumidity_9a15,0.2565067333063834,1.2924074679458364
dPressure_24h,-0.23894929980813198,0.7874548054703497
Temp3pm,0.23776751491853287,1.2684142711486321
miss_Cloud3pm,-0.18860247855299703,0.82811563499813
dCloud_9a15,0.1682136151775775,1.183189330853432
Cloud9am,0.16804132822773457,1.1829855003317062
Pressure9am,-0.1605523357762729,0.8516732494249104
WindSpeed3pm,-0.16005843841992135,0.8520939924846663
dPressure_9a15,-0.15197655176415975,0.8590084227370605
Pressure3pm,-0.14985464317704578,0.8608330952952228
TempRange,-0.1475458024069435,0.8628229180499078
doy_cos,-0.1458946777429952,0.8642487230174732
Temp9am,0.14514502656373288,1.1562072388723437
Cloud3pm,0.14214116105938715,1.152739358961655
miss_WindGustSpeed,0.13283533283757698,1.1420619227502524
MaxTemp,-0.12859876101093826,0.8793267149346019
WindDir3pm_cos,0.10763561484374033,1.1136418768754055
miss_Evaporation,0.09311888736963146,1.097592217363242
WindDir9am_cos,0.0906913664952372,1.0949310207060758
WindGustDir_cos,-0.08235006231237463,0.9209495125455769
doy_sin,-0.06722997904889542,0.9349801507633526
WindDir3pm_sin,-0.06690575905194764,0.9352833391721959
WindSpeed9am,-0.06299638699666975,0.938946866101159
RainToday,0.0604986333888445,1.062366145727907
RainYesterday,0.0592874410129176,1.0610801948758983
miss_Sunshine,0.048812534801910064,1.0500234894268377
WindDir9am_sin,-0.03268054560080198,0.9678476934127375
Location (target enc.),0.030373077513744847,1.030839045090841
miss_Pressure3pm,-0.030262500132274734,0.9701908248995759
WindGustDir_sin,-0.01796783322840896,0.9821926258160213
dTemp_24h,0.01790866197122007,1.0180699836375056
dTemp_9a15,0.015451203210506184,1.0155711902356033
MinTemp,-0.012085203031034438,0.9879875297434947
log_Evaporation,-0.009417724766837022,0.9906264831149868
