,Limite inf.,Limite sup.,Outliers,Outliers (%)
Rainfall,-1.2000000000000002,2.0,25578,17.98746826630286
Evaporation,-4.600000000000001,14.600000000000001,1995,2.4132091447925488
WindGustSpeed,5.5,73.5,3092,2.2870329962942963
WindSpeed3pm,-3.5,40.5,2523,1.7717945476762313
WindSpeed9am,-11.0,37.0,1817,1.264501402295171
Humidity9am,18.0,122.0,1425,0.9978572328893744
Pressure9am,998.65,1036.65,1191,0.9133785804670425
Pressure3pm,996.0,1034.4,919,0.7045816977428851
Temp3pm,1.9000000000000057,41.099999999999994,764,0.5385933127013557
MaxTemp,2.4499999999999975,43.65,489,0.3391146956636315
Temp9am,-1.6500000000000004,35.550000000000004,262,0.18233316863034385
MinTemp,-6.35,30.849999999999998,54,0.0375065115471436
Sunshine,-3.8999999999999995,19.299999999999997,0,0.0
Humidity3pm,-6.5,109.5,0,0.0
Cloud3pm,-5.5,14.5,0,0.0
Cloud9am,-8.0,16.0,0,0.0
