,Média,DP,Mín,Mediana,Máx,Assimetria,Faltantes (%)
MinTemp,12.194034380968917,6.398494975663226,-8.5,12.0,33.9,0.021188284011152213,1.0208992162793895
MaxTemp,23.22134827564685,7.119048845979133,-4.8,22.6,48.1,0.22083934813407782,0.8669049910628353
Rainfall,2.360918149916666,8.47805973772637,0.0,0.0,371.0,9.836225250395332,2.2418534304963567
Evaporation,5.468231522922462,4.1937040941517845,0.0,4.8,145.0,3.7612860111420656,43.166506256015396
Sunshine,7.611177520661157,3.7854829647401664,0.0,8.4,14.5,-0.4964800381328174,48.00976213391998
WindGustSpeed,40.03523007167319,13.607062267381362,6.0,39.0,135.0,0.8748788780303394,7.055547916953114
WindSpeed9am,14.043425914971502,8.915375322679528,0.0,13.0,130.0,0.7776295122810298,1.214766946239516
WindSpeed3pm,18.662656778887342,8.809800021251492,0.0,19.0,87.0,0.6282154194116661,2.105046060772721
Humidity9am,68.88083133761887,19.029164451844135,0.0,70.0,100.0,-0.48396899459793047,1.8245565791282825
Humidity3pm,51.5391158755046,20.795901656021154,0.0,52.0,100.0,0.03361436764166921,3.09844630826344
Pressure9am,1017.6499397983052,7.106530287523088,980.5,1017.6,1041.0,-0.0955236366945173,10.356799120033
Pressure3pm,1015.2558888309617,7.037413808167776,977.1,1015.2,1039.6,-0.04562140480115038,10.331362573903478
Cloud9am,4.4474612602152455,2.887158853517239,0.0,5.0,9.0,-0.22908183224841702,38.42155919153032
Cloud3pm,4.509930082924903,2.7203573103324588,0.0,5.0,9.0,-0.22638434607149094,40.80709473394747
Temp9am,16.9906314155874,6.488753140877267,-7.2,16.7,40.2,0.0885399965950674,1.214766946239516
Temp3pm,21.683390318009742,6.9366504600355245,-5.4,21.1,46.7,0.2379603639909957,2.4810944589577892
