K,p,q,tendência,AIC,RMSE val
2,1,1,ct,1400.8717308555604,1.6347199254499767
2,2,1,ct,1400.8740436106718,1.6407054922913098
2,0,2,ct,1400.8913205492793,1.6321482503198472
2,1,2,ct,1400.9849156172575,1.6407133270454612
3,1,1,ct,1402.22411097667,1.6597216559349823
3,0,2,ct,1402.4143001972404,1.6546853110435074
2,2,2,ct,1402.5874099158498,1.6411882083774305
3,2,1,ct,1402.7788118363012,1.6741789477068922
3,1,2,ct,1402.9698834285898,1.671641704258568
2,2,0,ct,1403.6517770492806,1.6697470488387245
2,1,0,ct,1403.7440799338024,1.638323377475685
3,2,2,ct,1404.3273504901504,1.6527499213982815
2,0,1,ct,1405.3059519080764,1.6292079828650186
6,2,1,ct,1405.3355526323603,1.6715105932973402
4,1,1,ct,1405.9499895947274,1.6731673703976166
4,0,2,ct,1405.985366680258,1.6601285310179366
3,0,1,ct,1406.2874206984636,1.6497632245482865
6,0,2,ct,1406.364461717199,1.6752496726244153
6,1,1,ct,1406.5391392038143,1.6989405080969382
4,2,1,ct,1406.6680166174774,1.6799685967909856
3,1,1,c,1406.6966366827598,1.5973955475077575
2,1,1,c,1406.9224220669087,1.5860339902662755
4,1,2,ct,1407.135966599837,1.6845699794952778
2,2,0,c,1407.6706286566655,1.5795645678223602
6,2,2,ct,1407.6787245439969,1.6781915410183814
2,1,2,c,1407.793089719431,1.5902766204854
4,2,2,ct,1408.0957604560026,1.6607220327799774
6,1,2,ct,1408.164969002513,1.69150025303923
3,2,0,ct,1408.2664987966677,1.7000270713872052
2,2,1,c,1408.3345535476728,1.5878456599898052
2,2,2,c,1408.4314536848974,1.5757032126445387
4,1,0,ct,1409.0359579420244,1.6475912649530502
6,0,1,ct,1409.5473199057674,1.6647602408012696
4,0,1,ct,1409.7310109417717,1.6505002594581908
3,2,0,c,1409.7489138787766,1.5984202967011611
3,2,1,c,1410.288192336639,1.5990701388129678
3,2,2,c,1410.4369663233306,1.5865762838588113
3,1,2,c,1410.5100497211877,1.6067279110783406
4,1,1,c,1410.8409339452414,1.5939063971243144
2,0,2,c,1411.6713360073345,1.5731549471378676
3,1,0,ct,1411.868976742399,1.6770418950777217
2,0,0,ct,1412.023435016552,1.6256856800104542
3,0,0,ct,1412.2234853600153,1.6442715432166632
6,1,1,c,1413.1077751479659,1.5984012085803743
4,2,0,ct,1413.3130005160592,1.6858207460669627
6,2,1,c,1413.358015728958,1.6085086117948029
4,2,0,c,1413.3717874219465,1.5968134293195069
3,0,2,c,1413.413890002777,1.5931124920177124
6,2,2,c,1413.4508055471563,1.585880265073328
4,2,1,c,1413.8133448147967,1.603105442059772
6,0,0,ct,1413.8518490228093,1.6621962178962326
4,2,2,c,1414.1155898520974,1.5907494253654368
6,1,2,c,1414.2091029829182,1.6097546433357355
4,1,2,c,1414.2734178957567,1.598337934387108
2,1,0,c,1414.6941517528248,1.5702168265826764
6,2,0,ct,1415.2123669710666,1.7076971475105158
4,0,0,ct,1415.534952638239,1.6485153622089357
3,1,0,c,1416.300246646653,1.5908048467703373
6,2,0,c,1416.3641177058012,1.5959716871281109
4,0,2,c,1416.9727266766947,1.596951880637931
6,0,2,c,1417.9545598234172,1.6076772385158338
2,0,1,c,1419.0835459177154,1.568310763915963
4,1,0,c,1419.833812859075,1.5941877995066567
3,0,1,c,1420.289384709474,1.5885158004010038
6,1,0,c,1420.8546470362426,1.6055436304415844
6,1,0,ct,1421.266235152561,1.6927127214160256
1,2,0,ct,1421.2917319822272,1.6988378429304138
1,2,1,ct,1421.7717141542112,1.6926402075878522
1,1,2,ct,1421.9916966221062,1.686499203513215
1,1,1,c,1422.7299333821068,1.6699763342969485
1,2,2,ct,1423.034245201703,1.686898372121343
4,0,1,c,1423.7562587673758,1.5926140485485707
1,1,2,c,1423.7744441599239,1.6720113225473334
1,2,1,c,1424.2087003201789,1.6822369773891657
6,0,1,c,1424.2527597952985,1.6052182020685595
1,1,1,ct,1424.492068126831,1.6740184585909557
1,2,0,c,1424.5169329347755,1.6587260842017086
1,2,2,c,1425.452875165937,1.6649849174496656
1,0,2,ct,1427.0776218984947,1.680744208777253
2,0,0,c,1430.2522906961758,1.5673479315612162
3,0,0,c,1430.6101627241685,1.5872279505823237
1,1,0,ct,1430.8461306363595,1.7085731046479775
6,0,0,c,1432.7412169182699,1.6052315614513908
4,0,0,c,1433.9282794679702,1.5913065876031491
1,0,2,c,1434.0756444293052,1.6402878152081246
1,1,0,c,1437.3561634878959,1.6391893651618454
1,0,1,ct,1438.4207298977649,1.6759154980129163
1,0,1,c,1447.9953814358773,1.6329666063584984
1,0,0,ct,1456.4456251143124,1.6750016481234686
1,0,0,c,1470.3290197279066,1.6294457734066927
