janela sazonal,suavização,ARIMA,tendência,RMSE val
53,3,"(0, 1, 1)",n,1.5962592034010434
25,3,"(0, 1, 1)",n,1.5982849736833866
53,3,"(1, 0, 1)",c,1.601043938857301
53,3,"(1, 1, 1)",n,1.601696371831105
13,3,"(0, 1, 1)",n,1.601985721066161
53,3,"(1, 0, 0)",c,1.603009633616696
53,5,"(0, 1, 1)",n,1.6036620020347951
25,5,"(0, 1, 1)",n,1.6039453883359511
25,3,"(1, 1, 1)",n,1.6039651958638792
25,3,"(1, 0, 1)",c,1.604086414259039
13,5,"(0, 1, 1)",n,1.6040941408127942
25,3,"(1, 0, 0)",c,1.6051906448452513
7,5,"(0, 1, 1)",n,1.6073203074740365
13,3,"(1, 1, 1)",n,1.6080303548080976
13,3,"(1, 0, 1)",c,1.6092084057934042
13,3,"(1, 0, 0)",c,1.6093897505524641
53,5,"(1, 1, 1)",n,1.6094182430117114
25,5,"(1, 1, 1)",n,1.6099402216146048
53,3,"(2, 0, 0)",c,1.6100576170364498
13,5,"(1, 1, 1)",n,1.6104459012276047
53,5,"(1, 0, 1)",c,1.6117884547789074
25,3,"(2, 0, 0)",c,1.6124335389980988
25,5,"(1, 0, 1)",c,1.6130233866292105
53,5,"(1, 0, 0)",c,1.613540058227554
25,5,"(1, 0, 0)",c,1.6139438482291677
13,5,"(1, 0, 1)",c,1.6144577232513708
13,5,"(1, 0, 0)",c,1.614473641986513
7,5,"(1, 1, 1)",n,1.6154592379896073
13,3,"(2, 0, 0)",c,1.616897010084463
7,5,"(1, 0, 0)",c,1.619912999861047
7,5,"(1, 0, 1)",c,1.6206797402696769
53,5,"(2, 0, 0)",c,1.6215234427130782
25,5,"(2, 0, 0)",c,1.6221376473196008
7,9,"(0, 1, 1)",n,1.6221568488477505
13,5,"(2, 0, 0)",c,1.6229107536953469
7,3,"(0, 1, 1)",n,1.6237988428487222
7,5,"(2, 0, 0)",c,1.6284473467225467
7,3,"(1, 1, 1)",n,1.6313025847853555
7,9,"(1, 1, 1)",n,1.632744726319032
7,3,"(1, 0, 0)",c,1.633233416413811
7,3,"(1, 0, 1)",c,1.6334396988288344
7,3,"(2, 0, 0)",c,1.6408940952729554
7,9,"(1, 0, 0)",c,1.641493685291297
7,9,"(1, 0, 1)",c,1.6432488633008646
13,9,"(0, 1, 1)",n,1.6483102408654957
53,1,"(0, 1, 1)",n,1.6505037048090438
25,9,"(0, 1, 1)",n,1.6507029800115323
53,9,"(0, 1, 1)",n,1.6509820675691846
7,9,"(2, 0, 0)",c,1.6511098036201701
53,1,"(1, 0, 0)",c,1.6544531922495436
53,1,"(1, 0, 1)",c,1.654740627763774
25,1,"(0, 1, 1)",n,1.6553099419705608
13,9,"(1, 1, 1)",n,1.656211712973858
53,1,"(1, 1, 1)",n,1.656296796336486
53,3,"(1, 0, 0)",ct,1.6579278449921593
25,9,"(1, 1, 1)",n,1.658272491803955
53,9,"(1, 1, 1)",n,1.658388943206665
53,1,"(2, 0, 0)",c,1.6588981206753124
25,1,"(1, 0, 0)",c,1.6594264647981545
25,3,"(1, 0, 0)",ct,1.660081115873525
25,1,"(1, 0, 1)",c,1.660422177891685
25,1,"(1, 1, 1)",n,1.6612950848331252
13,3,"(1, 0, 0)",ct,1.6634974884247407
13,9,"(1, 0, 1)",c,1.663661778205401
25,1,"(2, 0, 0)",c,1.6638875441330399
13,9,"(1, 0, 0)",c,1.6648378257074312
53,9,"(1, 0, 1)",c,1.665223009749169
25,9,"(1, 0, 1)",c,1.665316488027595
13,1,"(0, 1, 1)",n,1.6664997034410065
25,9,"(1, 0, 0)",c,1.667018130204352
53,9,"(1, 0, 0)",c,1.6673559987238895
53,5,"(1, 0, 0)",ct,1.6674253689465122
25,5,"(1, 0, 0)",ct,1.6678725695219987
13,5,"(1, 0, 0)",ct,1.668376005371507
13,1,"(1, 0, 0)",c,1.6711278793303184
13,1,"(1, 1, 1)",n,1.6727560462206637
13,1,"(1, 0, 1)",c,1.6727897806600707
7,5,"(1, 0, 0)",ct,1.673679377967219
13,9,"(2, 0, 0)",c,1.6745419877101304
13,1,"(2, 0, 0)",c,1.6754989134319989
25,9,"(2, 0, 0)",c,1.676643592144885
53,9,"(2, 0, 0)",c,1.6768531246118397
7,3,"(1, 0, 0)",ct,1.6865949060753973
7,1,"(0, 1, 1)",n,1.6912976635876924
7,9,"(1, 0, 0)",ct,1.6936042022534314
7,1,"(1, 0, 0)",c,1.6970319647738783
7,1,"(1, 0, 1)",c,1.697814585539838
7,1,"(1, 1, 1)",n,1.6984740405566452
7,1,"(2, 0, 0)",c,1.701133190524862
53,1,"(1, 0, 0)",ct,1.7080913507297235
25,1,"(1, 0, 0)",ct,1.7123471470505593
13,9,"(1, 0, 0)",ct,1.716189439981509
25,9,"(1, 0, 0)",ct,1.7183024171254302
53,9,"(1, 0, 0)",ct,1.7185829350870307
13,1,"(1, 0, 0)",ct,1.7235554568078844
7,1,"(1, 0, 0)",ct,1.74868574151061
