N Fourier,tau,sigma_s,RMSE val
3,0.001,10.0,1.5382600465506042
5,0.001,1.0,1.5425162801326817
5,0.001,10.0,1.5453287707354493
3,0.001,1.0,1.5466403560229296
3,0.5,10.0,1.5793788732957676
3,0.5,1.0,1.5796091384653987
5,0.5,10.0,1.5877738885441266
5,0.5,1.0,1.587792695982875
3,0.01,1.0,1.6211284050339072
3,0.01,10.0,1.6294647495350225
5,0.01,10.0,1.6349694429254256
5,0.01,1.0,1.6355208022893815
10,0.001,1.0,1.6435394356424284
10,0.001,10.0,1.647268573738718
10,0.5,1.0,1.6479023332708633
10,0.5,10.0,1.6490379527913548
3,0.1,10.0,1.6527914062203177
3,0.1,1.0,1.668617422646258
5,0.1,10.0,1.6741354059347981
5,0.1,1.0,1.6805655311304617
10,0.01,1.0,1.6949660762394565
10,0.01,10.0,1.6958298439576935
10,0.1,1.0,1.7427236123347307
10,0.1,10.0,1.7470156708930957
